,Ensemble_Labels
sample_0,3
sample_1,2
sample_2,3
sample_3,3
sample_4,4
sample_5,3
sample_6,0
sample_7,3
sample_8,4
sample_9,3
sample_10,4
sample_11,0
sample_12,3
sample_13,4
sample_14,4
sample_15,4
sample_16,2
sample_17,0
sample_18,0
sample_19,3
sample_20,4
sample_21,0
sample_22,2
sample_23,4
sample_24,0
sample_25,2
sample_26,1
sample_27,4
sample_28,4
sample_29,4
sample_30,4
sample_31,4
sample_32,0
sample_33,4
sample_34,3
sample_35,4
sample_36,0
sample_37,2
sample_38,4
sample_39,4
sample_40,0
sample_41,3
sample_42,3
sample_43,0
sample_44,0
sample_45,4
sample_46,3
sample_47,1
sample_48,4
sample_49,2
sample_50,4
sample_51,2
sample_52,4
sample_53,3
sample_54,1
sample_55,4
sample_56,4
sample_57,1
sample_58,0
sample_59,4
sample_60,2
sample_61,0
sample_62,4
sample_63,2
sample_64,3
sample_65,1
sample_66,4
sample_67,3
sample_68,0
sample_69,4
sample_70,0
sample_71,4
sample_72,4
sample_73,2
sample_74,4
sample_75,2
sample_76,4
sample_77,0
sample_78,3
sample_79,1
sample_80,4
sample_81,3
sample_82,4
sample_83,4
sample_84,3
sample_85,3
sample_86,4
sample_87,4
sample_88,0
sample_89,4
sample_90,3
sample_91,3
sample_92,4
sample_93,4
sample_94,4
sample_95,3
sample_96,1
sample_97,4
sample_98,3
sample_99,4
sample_100,4
sample_101,0
sample_102,4
sample_103,0
sample_104,2
sample_105,0
sample_106,2
sample_107,1
sample_108,2
sample_109,2
sample_110,3
sample_111,4
sample_112,2
sample_113,3
sample_114,4
sample_115,0
sample_116,0
sample_117,0
sample_118,4
sample_119,4
sample_120,2
sample_121,0
sample_122,2
sample_123,4
sample_124,3
sample_125,3
sample_126,3
sample_127,4
sample_128,0
sample_129,4
sample_130,1
sample_131,4
sample_132,1
sample_133,4
sample_134,4
sample_135,0
sample_136,2
sample_137,4
sample_138,0
sample_139,1
sample_140,4
sample_141,3
sample_142,4
sample_143,0
sample_144,2
sample_145,1
sample_146,3
sample_147,4
sample_148,2
sample_149,2
sample_150,2
sample_151,2
sample_152,4
sample_153,4
sample_154,2
sample_155,4
sample_156,4
sample_157,3
sample_158,3
sample_159,2
sample_160,3
sample_161,2
sample_162,0
sample_163,4
sample_164,3
sample_165,2
sample_166,1
sample_167,0
sample_168,2
sample_169,4
sample_170,0
sample_171,2
sample_172,4
sample_173,2
sample_174,4
sample_175,4
sample_176,4
sample_177,3
sample_178,4
sample_179,0
sample_180,1
sample_181,0
sample_182,4
sample_183,3
sample_184,3
sample_185,3
sample_186,2
sample_187,2
sample_188,4
sample_189,2
sample_190,2
sample_191,0
sample_192,2
sample_193,3
sample_194,2
sample_195,4
sample_196,4
sample_197,4
sample_198,2
sample_199,2
sample_200,4
sample_201,0
sample_202,0
sample_203,0
sample_204,0
sample_205,3
sample_206,4
sample_207,3
sample_208,4
sample_209,2
sample_210,2
sample_211,4
sample_212,3
sample_213,4
sample_214,3
sample_215,4
sample_216,4
sample_217,4
sample_218,2
sample_219,4
sample_220,0
sample_221,2
sample_222,0
sample_223,0
sample_224,2
sample_225,4
sample_226,0
sample_227,3
sample_228,4
sample_229,2
sample_230,2
sample_231,3
sample_232,1
sample_233,4
sample_234,0
sample_235,3
sample_236,0
sample_237,1
sample_238,4
sample_239,0
sample_240,0
sample_241,2
sample_242,3
sample_243,3
sample_244,2
sample_245,2
sample_246,0
sample_247,4
sample_248,4
sample_249,1
sample_250,4
sample_251,3
sample_252,1
sample_253,4
sample_254,3
sample_255,0
sample_256,3
sample_257,3
sample_258,3
sample_259,4
sample_260,1
sample_261,1
sample_262,2
sample_263,1
sample_264,1
sample_265,3
sample_266,2
sample_267,4
sample_268,4
sample_269,0
sample_270,0
sample_271,4
sample_272,1
sample_273,3
sample_274,0
sample_275,3
sample_276,4
sample_277,4
sample_278,0
sample_279,4
sample_280,4
sample_281,4
sample_282,4
sample_283,2
sample_284,2
sample_285,4
sample_286,4
sample_287,4
sample_288,0
sample_289,0
sample_290,0
sample_291,0
sample_292,4
sample_293,4
sample_294,4
sample_295,0
sample_296,4
sample_297,4
sample_298,2
sample_299,3
sample_300,4
sample_301,4
sample_302,1
sample_303,2
sample_304,3
sample_305,4
sample_306,4
sample_307,4
sample_308,1
sample_309,4
sample_310,3
sample_311,4
sample_312,1
sample_313,2
sample_314,2
sample_315,3
sample_316,0
sample_317,4
sample_318,0
sample_319,0
sample_320,2
sample_321,1
sample_322,0
sample_323,4
sample_324,4
sample_325,4
sample_326,4
sample_327,0
sample_328,4
sample_329,4
sample_330,3
sample_331,4
sample_332,0
sample_333,4
sample_334,2
sample_335,3
sample_336,0
sample_337,4
sample_338,3
sample_339,1
sample_340,4
sample_341,4
sample_342,4
sample_343,2
sample_344,2
sample_345,2
sample_346,4
sample_347,4
sample_348,3
sample_349,2
sample_350,4
sample_351,0
sample_352,4
sample_353,1
sample_354,1
sample_355,2
sample_356,4
sample_357,0
sample_358,4
sample_359,4
sample_360,4
sample_361,1
sample_362,2
sample_363,1
sample_364,0
sample_365,3
sample_366,0
sample_367,4
sample_368,4
sample_369,0
sample_370,4
sample_371,1
sample_372,3
sample_373,2
sample_374,3
sample_375,4
sample_376,0
sample_377,3
sample_378,4
sample_379,1
sample_380,0
sample_381,0
sample_382,1
sample_383,1
sample_384,3
sample_385,4
sample_386,4
sample_387,1
sample_388,0
sample_389,4
sample_390,3
sample_391,4
sample_392,4
sample_393,4
sample_394,2
sample_395,2
sample_396,0
sample_397,2
sample_398,4
sample_399,0
sample_400,1
sample_401,3
sample_402,4
sample_403,2
sample_404,3
sample_405,4
sample_406,4
sample_407,4
sample_408,2
sample_409,4
sample_410,4
sample_411,3
sample_412,4
sample_413,3
sample_414,1
sample_415,4
sample_416,2
sample_417,4
sample_418,4
sample_419,2
sample_420,4
sample_421,4
sample_422,4
sample_423,0
sample_424,2
sample_425,3
sample_426,4
sample_427,3
sample_428,0
sample_429,4
sample_430,0
sample_431,1
sample_432,4
sample_433,3
sample_434,2
sample_435,0
sample_436,4
sample_437,4
sample_438,0
sample_439,4
sample_440,2
sample_441,4
sample_442,4
sample_443,3
sample_444,1
sample_445,4
sample_446,0
sample_447,2
sample_448,3
sample_449,4
sample_450,3
sample_451,4
sample_452,4
sample_453,4
sample_454,4
sample_455,0
sample_456,2
sample_457,4
sample_458,0
sample_459,4
sample_460,4
sample_461,2
sample_462,2
sample_463,0
sample_464,1
sample_465,3
sample_466,1
sample_467,4
sample_468,0
sample_469,0
sample_470,4
sample_471,3
sample_472,0
sample_473,1
sample_474,2
sample_475,2
sample_476,4
sample_477,3
sample_478,3
sample_479,4
sample_480,3
sample_481,2
sample_482,0
sample_483,3
sample_484,4
sample_485,2
sample_486,3
sample_487,2
sample_488,4
sample_489,4
sample_490,1
sample_491,2
sample_492,0
sample_493,1
sample_494,2
sample_495,4
sample_496,3
sample_497,4
sample_498,4
sample_499,3
sample_500,4
sample_501,1
sample_502,4
sample_503,1
sample_504,0
sample_505,4
sample_506,4
sample_507,2
sample_508,2
sample_509,2
sample_510,1
sample_511,0
sample_512,2
sample_513,2
sample_514,4
sample_515,4
sample_516,0
sample_517,3
sample_518,2
sample_519,3
sample_520,4
sample_521,0
sample_522,4
sample_523,0
sample_524,0
sample_525,3
sample_526,3
sample_527,2
sample_528,4
sample_529,0
sample_530,1
sample_531,1
sample_532,4
sample_533,0
sample_534,0
sample_535,4
sample_536,4
sample_537,3
sample_538,0
sample_539,1
sample_540,4
sample_541,4
sample_542,1
sample_543,2
sample_544,4
sample_545,4
sample_546,4
sample_547,0
sample_548,3
sample_549,2
sample_550,2
sample_551,4
sample_552,0
sample_553,1
sample_554,0
sample_555,0
sample_556,4
sample_557,3
sample_558,2
sample_559,0
sample_560,4
sample_561,1
sample_562,2
sample_563,2
sample_564,2
sample_565,3
sample_566,2
sample_567,0
sample_568,4
sample_569,4
sample_570,1
sample_571,3
sample_572,4
sample_573,4
sample_574,4
sample_575,0
sample_576,2
sample_577,2
sample_578,4
sample_579,3
sample_580,2
sample_581,2
sample_582,4
sample_583,0
sample_584,3
sample_585,1
sample_586,2
sample_587,3
sample_588,1
sample_589,2
sample_590,1
sample_591,0
sample_592,0
sample_593,4
sample_594,4
sample_595,0
sample_596,0
sample_597,1
sample_598,4
sample_599,4
sample_600,3
sample_601,3
sample_602,0
sample_603,4
sample_604,2
sample_605,4
sample_606,4
sample_607,1
sample_608,4
sample_609,3
sample_610,3
sample_611,4
sample_612,4
sample_613,1
sample_614,4
sample_615,0
sample_616,4
sample_617,4
sample_618,1
sample_619,4
sample_620,3
sample_621,4
sample_622,4
sample_623,0
sample_624,3
sample_625,2
sample_626,4
sample_627,4
sample_628,0
sample_629,4
sample_630,4
sample_631,4
sample_632,4
sample_633,4
sample_634,1
sample_635,2
sample_636,2
sample_637,4
sample_638,4
sample_639,4
sample_640,3
sample_641,4
sample_642,4
sample_643,0
sample_644,2
sample_645,2
sample_646,0
sample_647,0
sample_648,2
sample_649,0
sample_650,1
sample_651,4
sample_652,1
sample_653,0
sample_654,4
sample_655,4
sample_656,3
sample_657,3
sample_658,3
sample_659,2
sample_660,3
sample_661,3
sample_662,1
sample_663,4
sample_664,4
sample_665,1
sample_666,2
sample_667,0
sample_668,4
sample_669,0
sample_670,1
sample_671,4
sample_672,4
sample_673,4
sample_674,3
sample_675,2
sample_676,0
sample_677,4
sample_678,3
sample_679,0
sample_680,3
sample_681,4
sample_682,2
sample_683,0
sample_684,3
sample_685,2
sample_686,3
sample_687,3
sample_688,4
sample_689,0
sample_690,3
sample_691,2
sample_692,1
sample_693,1
sample_694,4
sample_695,4
sample_696,4
sample_697,2
sample_698,0
sample_699,0
sample_700,0
sample_701,4
sample_702,2
sample_703,0
sample_704,3
sample_705,4
sample_706,2
sample_707,3
sample_708,4
sample_709,3
sample_710,4
sample_711,0
sample_712,4
sample_713,1
sample_714,3
sample_715,3
sample_716,0
sample_717,3
sample_718,0
sample_719,4
sample_720,2
sample_721,2
sample_722,4
sample_723,4
sample_724,0
sample_725,4
sample_726,4
sample_727,4
sample_728,4
sample_729,0
sample_730,0
sample_731,3
sample_732,1
sample_733,0
sample_734,4
sample_735,4
sample_736,0
sample_737,4
sample_738,2
sample_739,4
sample_740,4
sample_741,3
sample_742,4
sample_743,3
sample_744,4
sample_745,1
sample_746,4
sample_747,4
sample_748,0
sample_749,2
sample_750,4
sample_751,4
sample_752,3
sample_753,4
sample_754,3
sample_755,1
sample_756,4
sample_757,4
sample_758,4
sample_759,2
sample_760,4
sample_761,2
sample_762,4
sample_763,2
sample_764,0
sample_765,0
sample_766,1
sample_767,1
sample_768,4
sample_769,4
sample_770,4
sample_771,2
sample_772,4
sample_773,2
sample_774,0
sample_775,4
sample_776,2
sample_777,0
sample_778,2
sample_779,2
sample_780,2
sample_781,0
sample_782,4
sample_783,3
sample_784,4
sample_785,4
sample_786,0
sample_787,4
sample_788,3
sample_789,0
sample_790,4
sample_791,4
sample_792,4
sample_793,4
sample_794,3
sample_795,2
sample_796,4
sample_797,2
sample_798,2
sample_799,3
sample_800,3
